{"($_Bakugou_Katsuki)": {"bakugou_katsuki": 0.9478378951129124, "flushed": 0.17349503348522172, "satisfied": 0.13012127511391627, "open": 0.08674751674261086, "contemplative": 0.08674751674261086, "best": 0.08674751674261086, "warm": 0.06597372243931506, "cool": 0.06597372243931506, "uraraka_ochako": 0.05123448081691418, "sudden": 0.05123448081691418, "vertical": 0.04337375837130543, "tiny": 0.04337375837130543, "slow": 0.04337375837130543, "girly": 0.04337375837130543, "dead": 0.04337375837130543, "closed": 0.04337375837130543, "wide": 0.03298686121965753, "light": 0.03298686121965753, "green": 0.03298686121965753, "concentrated": 0.03298686121965753, "brown": 0.03298686121965753, "uraraka_towering_over_him": 0.02561724040845709, "good": 0.02561724040845709}, "($_Uraraka_towering_over_him)": {"uraraka_ochako": 0.39428680492118656, "uraraka_towering_over_him": 0.3450009543060382, "bakugou_katsuki": 0.3450009543060382, "sore": 0.3337927960421481, "small": 0.3337927960421481, "little": 0.25034459703161105, "big": 0.25034459703161105, "baggy": 0.25034459703161105, "softer": 0.16689639802107406, "quiet": 0.16689639802107406, "light": 0.12692901252532612, "green": 0.12692901252532612, "cool": 0.12692901252532612, "brown": 0.12692901252532612, "sudden": 0.09857170123029664, "good": 0.09857170123029664, "soft": 0.08344819901053703, "murky": 0.08344819901053703, "dark": 0.08344819901053703, "brownish": 0.08344819901053703, "wide": 0.06346450626266306, "warm": 0.06346450626266306, "gim": 0.06346450626266306, "fucking": 0.06346450626266306, "frosty": 0.06346450626266306, "flat": 0.06346450626266306, "concentrated": 0.06346450626266306}, "($_Uraraka_Ochako)": {"uraraka_ochako": 0.8515728394772735, "fucking": 0.32896652363452294, "bakugou_katsuki": 0.25547185184318205, "uraraka_towering_over_him": 0.17031456789545468, "good": 0.17031456789545468, "gim": 0.10965550787817431, "frosty": 0.10965550787817431, "flat": 0.10965550787817431, "sudden": 0.08515728394772734}}