{"($_Bakugou_Katsuki)": {"($_Uraraka_towering_over_him)": 0.9284766908852593, "($_Uraraka_Ochako)": 0.3713906763541037}, "($_Uraraka_towering_over_him)": {"($_Uraraka_Ochako)": 0.9333456062030595, "($_Bakugou_Katsuki)": 0.3589790793088691}, "($_Uraraka_Ochako)": {"($_Uraraka_towering_over_him)": 0.9883716976506172, "($_Bakugou_Katsuki)": 0.1520571842539411}}