{"($_Seta_-_chan)": {"seta_-_chan": 0.7626907155867606, "good": 0.3979511988856719, "special": 0.30507628623470423, "filthy": 0.20338419082313616, "sharp": 0.15253814311735212, "silent": 0.10169209541156808, "rusty": 0.10169209541156808, "low": 0.10169209541156808, "high": 0.10169209541156808, "cheekbone": 0.10169209541156808, "cheap": 0.10169209541156808, "black": 0.10169209541156808, "able": 0.10169209541156808, "solid": 0.05084604770578404, "silky": 0.05084604770578404, "personal": 0.05084604770578404, "cute": 0.05084604770578404, "tohru_adachi": 0.03617738171687926, "swollen": 0.03617738171687926, "relative": 0.03617738171687926, "easy": 0.03617738171687926, "dilapidated": 0.03617738171687926, "better": 0.03617738171687926, "bad": 0.03617738171687926}, "($_Tohru_Adachi)": {"tohru_adachi": 0.8931745853293587, "lucky": 0.16963861015262055, "unzipping": 0.13571088812209642, "soft": 0.13571088812209642, "older": 0.13571088812209642, "nice": 0.13571088812209642, "cruel": 0.13571088812209642, "seta": 0.10178316609157231, "right": 0.10178316609157231, "preferred": 0.10178316609157231, "muttered": 0.10178316609157231, "fine": 0.10178316609157231, "relative": 0.0724195609726507, "good": 0.0724195609726507, "better": 0.0724195609726507, "helpless": 0.06785544406104821, "worth": 0.033927722030524105, "wet": 0.033927722030524105, "small": 0.033927722030524105, "interested": 0.033927722030524105, "hard": 0.033927722030524105, "fucking": 0.033927722030524105, "swollen": 0.024139853657550236, "easy": 0.024139853657550236, "dilapidated": 0.024139853657550236, "bad": 0.024139853657550236}}