{"the_proctor": {"standard": 0.3333333333333333, "sorry": 0.3333333333333333, "respective": 0.3333333333333333, "recommendee": 0.3333333333333333, "prolonged": 0.3333333333333333, "final": 0.3333333333333333, "elemental": 0.3333333333333333, "complete": 0.3333333333333333, "Your": 0.3333333333333333}}