{"midoriya": {"midoriya": 0.920755661219115, "small": 0.08865287249295287, "overwhelming": 0.08865287249295287, "able": 0.08865287249295287, "upright": 0.07598817642253103, "sure": 0.07598817642253103, "stupid": 0.06332348035210919, "right": 0.06332348035210919, "happy": 0.06332348035210919, "green": 0.06332348035210919, "different": 0.06332348035210919, "yuuei": 0.05065878428168735, "second": 0.05065878428168735, "ready": 0.05065878428168735, "final": 0.05065878428168735, "big": 0.05065878428168735, "new": 0.04278721571608681, "good": 0.04278721571608681, "unscathed": 0.037994088211265514, "thick": 0.037994088211265514, "sad": 0.037994088211265514, "quiet": 0.037994088211265514, "prepared": 0.037994088211265514, "past": 0.037994088211265514, "internal": 0.037994088211265514, "free": 0.037994088211265514, "fracture": 0.037994088211265514, "familiar": 0.037994088211265514, "engulf": 0.037994088211265514, "decisive": 0.037994088211265514, "combined": 0.037994088211265514, "calm": 0.037994088211265514, "black": 0.037994088211265514, "open": 0.03720224893814607, "steady": 0.032090411787065114, "experienced": 0.032090411787065114, "excited": 0.032090411787065114, "worried": 0.025329392140843676, "wet": 0.025329392140843676, "waterbending": 0.025329392140843676, "unadulterated": 0.025329392140843676, "swallow": 0.025329392140843676, "solid": 0.025329392140843676, "slick": 0.025329392140843676, "sink": 0.025329392140843676, "significant": 0.025329392140843676, "rough": 0.025329392140843676, "red": 0.025329392140843676, "real": 0.025329392140843676, "pure": 0.025329392140843676, "pro": 0.025329392140843676, "practical": 0.025329392140843676, "overall": 0.025329392140843676, "normal": 0.025329392140843676, "low": 0.025329392140843676, "likely": 0.025329392140843676, "lighter": 0.025329392140843676, "large": 0.025329392140843676, "human": 0.025329392140843676, "hesitant": 0.025329392140843676, "hazy": 0.025329392140843676, "harsh": 0.025329392140843676, "glad": 0.025329392140843676, "gibberish": 0.025329392140843676, "focused": 0.025329392140843676, "fast": 0.025329392140843676, "faint": 0.025329392140843676, "fading": 0.025329392140843676, "eyed": 0.025329392140843676, "essential": 0.025329392140843676, "embarrassing": 0.025329392140843676, "dreaded": 0.025329392140843676, "dirty": 0.025329392140843676, "devious": 0.025329392140843676, "daunting": 0.025329392140843676, "current": 0.025329392140843676, "confused": 0.025329392140843676, "cold": 0.025329392140843676, "closed": 0.025329392140843676, "close": 0.025329392140843676, "charismatic": 0.025329392140843676, "casual": 0.025329392140843676, "cardiac": 0.025329392140843676, "blurry": 0.025329392140843676, "best": 0.025329392140843676, "bad": 0.025329392140843676, "asleep": 0.025329392140843676, "actual": 0.025329392140843676, "accessible": 0.025329392140843676, "Sorry": 0.025329392140843676, "opposite": 0.021393607858043406, "loose": 0.021393607858043406, "interrupted": 0.021393607858043406, "important": 0.021393607858043406, "easy": 0.021393607858043406, "cheery": 0.021393607858043406, "better": 0.021393607858043406, "yellow": 0.012664696070421838, "worst": 0.012664696070421838, "worldly": 0.012664696070421838, "wheeze": 0.012664696070421838, "watery": 0.012664696070421838, "wasteful": 0.012664696070421838, "traditional": 0.012664696070421838, "tough": 0.012664696070421838, "tired": 0.012664696070421838, "tiny": 0.012664696070421838, "tight": 0.012664696070421838, "suspicious": 0.012664696070421838, "subtle": 0.012664696070421838, "stronger": 0.012664696070421838, "strong": 0.012664696070421838, "speculative": 0.012664696070421838, "soft": 0.012664696070421838, "smooth": 0.012664696070421838, "slumped": 0.012664696070421838, "slow": 0.012664696070421838, "singular": 0.012664696070421838, "shy": 0.012664696070421838, "shriek": 0.012664696070421838, "sheer": 0.012664696070421838, "sharp": 0.012664696070421838, "shadowy": 0.012664696070421838, "searing": 0.012664696070421838, "safe": 0.012664696070421838, "restrictive": 0.012664696070421838, "relaxed": 0.012664696070421838, "prolonged": 0.012664696070421838, "previous": 0.012664696070421838, "powerful": 0.012664696070421838, "possible": 0.012664696070421838, "polar": 0.012664696070421838, "paranoid": 0.012664696070421838, "oncoming": 0.012664696070421838, "old": 0.012664696070421838, "nonchalant": 0.012664696070421838, "non": 0.012664696070421838, "nervous": 0.012664696070421838, "naive": 0.012664696070421838, "muffled": 0.012664696070421838, "mismatched": 0.012664696070421838, "middle": 0.012664696070421838, "mental": 0.012664696070421838, "makeshift": 0.012664696070421838, "main": 0.012664696070421838, "little": 0.012664696070421838, "like": 0.012664696070421838, "irrepressible": 0.012664696070421838, "interdisciplinary": 0.012664696070421838, "hot": 0.012664696070421838, "horrendous": 0.012664696070421838, "heavy": 0.012664696070421838, "grim": 0.012664696070421838, "gray": 0.012664696070421838, "grateful": 0.012664696070421838, "gesticulating": 0.012664696070421838, "gentle": 0.012664696070421838, "following": 0.012664696070421838, "flat": 0.012664696070421838, "firm": 0.012664696070421838, "fine": 0.012664696070421838, "fair": 0.012664696070421838, "evil": 0.012664696070421838, "earthbender": 0.012664696070421838, "dusty": 0.012664696070421838, "dumb": 0.012664696070421838, "dull": 0.012664696070421838, "disappointed": 0.012664696070421838, "direct": 0.012664696070421838, "deliberate": 0.012664696070421838, "correct": 0.012664696070421838, "cool": 0.012664696070421838, "contagious": 0.012664696070421838, "conscious": 0.012664696070421838, "comforting": 0.012664696070421838, "clear": 0.012664696070421838, "captive": 0.012664696070421838, "calming": 0.012664696070421838, "calmer": 0.012664696070421838, "brown": 0.012664696070421838, "billowing": 0.012664696070421838, "beat": 0.012664696070421838, "awake": 0.012664696070421838, "amazing": 0.012664696070421838, "acrid": 0.012664696070421838, "abundant": 0.012664696070421838, "Your": 0.012664696070421838, "Their": 0.012664696070421838, "Only": 0.012664696070421838, "Nice": 0.012664696070421838, "Its": 0.012664696070421838, "His": 0.012664696070421838, "Her": 0.012664696070421838, "Gentle": 0.012664696070421838, "All": 0.012664696070421838, "wrong": 0.010696803929021703, "weak": 0.010696803929021703, "unable": 0.010696803929021703, "true": 0.010696803929021703, "relentless": 0.010696803929021703, "quick": 0.010696803929021703, "great": 0.010696803929021703, "fluid": 0.010696803929021703, "early": 0.010696803929021703, "deep": 0.010696803929021703, "common": 0.010696803929021703, "capable": 0.010696803929021703, "awed": 0.010696803929021703}, "bakugou": {"wrong": 0.3685105882497383, "smug": 0.29087034656230176, "skim": 0.29087034656230176, "resolute": 0.29087034656230176, "double": 0.29087034656230176, "Resigned": 0.29087034656230176, "new": 0.24567372549982555, "great": 0.24567372549982555, "open": 0.21360621252506573, "special": 0.14543517328115088, "simple": 0.14543517328115088, "reserved": 0.14543517328115088, "easier": 0.14543517328115088, "deafening": 0.14543517328115088, "ashamed": 0.14543517328115088, "Welcome": 0.14543517328115088, "Angry": 0.14543517328115088, "true": 0.12283686274991278, "relentless": 0.12283686274991278, "important": 0.12283686274991278, "easy": 0.12283686274991278, "early": 0.12283686274991278, "deep": 0.12283686274991278, "better": 0.12283686274991278}, "yamada": {"stationed": 1.0}, "izuku": {"excited": 1.0}, "3": {"weak": 1.0}, "yuuei": {"worth": 0.3788843797210991, "specific": 0.3788843797210991, "multi": 0.3788843797210991, "disciplinary": 0.3788843797210991, "dead": 0.3788843797210991, "interrupted": 0.3200117791307258, "good": 0.3200117791307258, "midoriya": 0.2782410042606317}, "todoroki": {"afraid": 0.4502814419185869, "steady": 0.3803148745376775, "quick": 0.3803148745376775, "common": 0.3803148745376775, "awed": 0.3803148745376775, "open": 0.33067280496381996,