{"midoriya": {"midoriya": 0.9034192099863957, "small": 0.12059193800007921, "overwhelming": 0.12059193800007921, "able": 0.10551794575006931, "upright": 0.07536996125004951, "stupid": 0.07536996125004951, "happy": 0.07536996125004951, "green": 0.07536996125004951, "final": 0.07536996125004951, "yuuei": 0.060295969000039605, "second": 0.060295969000039605, "ready": 0.060295969000039605, "quiet": 0.060295969000039605, "big": 0.060295969000039605, "didn": 0.051782878583949525, "thick": 0.04522197675002971, "sad": 0.04522197675002971, "past": 0.04522197675002971, "internal": 0.04522197675002971, "free": 0.04522197675002971, "familiar": 0.04522197675002971, "engulf": 0.04522197675002971, "decisive": 0.04522197675002971, "combined": 0.04522197675002971, "calm": 0.04522197675002971, "black": 0.04522197675002971, "experienced": 0.03883715893796214, "open": 0.03430705860707832, "wet": 0.030147984500019803, "waterbending": 0.030147984500019803, "swallow": 0.030147984500019803, "sure": 0.030147984500019803, "solid": 0.030147984500019803, "slick": 0.030147984500019803, "sink": 0.030147984500019803, "significant": 0.030147984500019803, "rough": 0.030147984500019803, "red": 0.030147984500019803, "real": 0.030147984500019803, "pro": 0.030147984500019803, "practical": 0.030147984500019803, "overall": 0.030147984500019803, "normal": 0.030147984500019803, "likely": 0.030147984500019803, "lighter": 0.030147984500019803, "large": 0.030147984500019803, "human": 0.030147984500019803, "hesitant": 0.030147984500019803, "harsh": 0.030147984500019803, "gibberish": 0.030147984500019803, "focused": 0.030147984500019803, "fast": 0.030147984500019803, "faint": 0.030147984500019803, "fading": 0.030147984500019803, "eyed": 0.030147984500019803, "essential": 0.030147984500019803, "dreaded": 0.030147984500019803, "devious": 0.030147984500019803, "current": 0.030147984500019803, "confused": 0.030147984500019803, "cold": 0.030147984500019803, "closed": 0.030147984500019803, "close": 0.030147984500019803, "cheery": 0.030147984500019803, "cardiac": 0.030147984500019803, "blurry": 0.030147984500019803, "awake": 0.030147984500019803, "asleep": 0.030147984500019803, "actual": 0.030147984500019803, "accessible": 0.030147984500019803, "wrong": 0.025891439291974763, "opposite": 0.025891439291974763, "mismatched": 0.025891439291974763, "loose": 0.025891439291974763, "interrupted": 0.025891439291974763, "good": 0.022871372404718877, "better": 0.022871372404718877, "yellow": 0.015073992250009901, "worst": 0.015073992250009901, "worldly": 0.015073992250009901, "watery": 0.015073992250009901, "wasteful": 0.015073992250009901, "tough": 0.015073992250009901, "tired": 0.015073992250009901, "tiny": 0.015073992250009901, "tight": 0.015073992250009901, "suspicious": 0.015073992250009901, "subtle": 0.015073992250009901, "stronger": 0.015073992250009901, "strong": 0.015073992250009901, "speculative": 0.015073992250009901, "soft": 0.015073992250009901, "smooth": 0.015073992250009901, "slumped": 0.015073992250009901, "slow": 0.015073992250009901, "singular": 0.015073992250009901, "shy": 0.015073992250009901, "shriek": 0.015073992250009901, "sheer": 0.015073992250009901, "sharp": 0.015073992250009901, "shadowy": 0.015073992250009901, "safe": 0.015073992250009901, "right": 0.015073992250009901, "restrictive": 0.015073992250009901, "relaxed": 0.015073992250009901, "pure": 0.015073992250009901, "prolonged": 0.015073992250009901, "previous": 0.015073992250009901, "powerful": 0.015073992250009901, "possible": 0.015073992250009901, "polar": 0.015073992250009901, "paranoid": 0.015073992250009901, "oncoming": 0.015073992250009901, "old": 0.015073992250009901, "okay": 0.015073992250009901, "nonchalant": 0.015073992250009901, "non": 0.015073992250009901, "nervous": 0.015073992250009901, "naive": 0.015073992250009901, "muffled": 0.015073992250009901, "middle": 0.015073992250009901, "mental": 0.015073992250009901, "makeshift": 0.015073992250009901, "main": 0.015073992250009901, "like": 0.015073992250009901, "irrepressible": 0.015073992250009901, "interdisciplinary": 0.015073992250009901, "hot": 0.015073992250009901, "horrendous": 0.015073992250009901, "heavy": 0.015073992250009901, "grim": 0.015073992250009901, "gray": 0.015073992250009901, "grateful": 0.015073992250009901, "gesticulating": 0.015073992250009901, "gentle": 0.015073992250009901, "fun": 0.015073992250009901, "following": 0.015073992250009901, "flick": 0.015073992250009901, "flat": 0.015073992250009901, "fitting": 0.015073992250009901, "firm": 0.015073992250009901, "fine": 0.015073992250009901, "fair": 0.015073992250009901, "evil": 0.015073992250009901, "embarrassing": 0.015073992250009901, "easy": 0.015073992250009901, "earthbender": 0.015073992250009901, "dusty": 0.015073992250009901, "dumb": 0.015073992250009901, "dull": 0.015073992250009901, "disappointed": 0.015073992250009901, "direct": 0.015073992250009901, "deliberate": 0.015073992250009901, "daunting": 0.015073992250009901, "dark": 0.015073992250009901, "correct": 0.015073992250009901, "cool": 0.015073992250009901, "contagious": 0.015073992250009901, "conscious": 0.015073992250009901, "comforting": 0.015073992250009901, "clear": 0.015073992250009901, "charismatic": 0.015073992250009901, "certain": 0.015073992250009901, "casual": 0.015073992250009901, "captive": 0.015073992250009901, "calmer": 0.015073992250009901, "brown": 0.015073992250009901, "bare": 0.015073992250009901, "bad": 0.015073992250009901, "ashamed": 0.015073992250009901, "amazing": 0.015073992250009901, "acrid": 0.015073992250009901, "abundant": 0.015073992250009901, "Your": 0.015073992250009901, "What": 0.015073992250009901, "Their": 0.015073992250009901, "Only": 0.015073992250009901, "Its": 0.015073992250009901, "His": 0.015073992250009901, "Good": 0.015073992250009901, "Gentle": 0.015073992250009901, "Angry": 0.015073992250009901, "All": 0.015073992250009901, "worried": 0.012945719645987381, "weak": 0.012945719645987381, "unable": 0.012945719645987381, "true": 0.012945719645987381, "steady": 0.012945719645987381, "spiritual": 0.012945719645987381, "relentless": 0.012945719645987381, "important": 0.012945719645987381, "excited": 0.012945719645987381, "early": 0.012945719645987381, "different": 0.012945719645987381, "deep": 0.012945719645987381, "common": 0.012945719645987381, "capable": 0.012945719645987381, "awed": 0.012945719645987381}, "bakugou": {"wrong": 0.3585693472749395, "smug": 0.2783453635497654, "skim": 0.2783453635497654, "resolute": 0.2783453635497654, "new": 0.2783453635497654, "great": 0.2783453635497654, "double": 0.2783453635497654, "Resigned": 0.2783453635497654, "didn": 0.23904623151662635, "open": 0.2111630535988025, "special": 0.1391726817748827, "simple": 0.1391726817748827, "reserved": 0.1391726817748827, "high": 0.1391726817748827, "easier": 0.1391726817748827, "deafening": 0.1391726817748827, "worried": 0.11952311575831318, "true": 0.11952311575831318, "relentless": 0.11952311575831318, "little": 0.11952311575831318, "important": 0.11952311575831318, "early": 0.11952311575831318, "deep": 0.11952311575831318, "better": 0.10558152679940125}, "yamada": {"stationed": 0.6043915496769748, "active": 0.6043915496769748, "different": 0.5190584835624306}, "don": {"whichever": 0.45227958546620317, "technical": 0.45227958546620317, "friendly": 0.45227958546620317, "little": 0.38842296174359575, "midoriya": 0.34311596618482465, "better": 0.34311596618482465}, "izuku": {"excited": 1.0}, "1": {"whopping": 1.0}, "3": {"weak": 1.0}, "2": {"good": 1.0}, "yuuei": {"worth": 0.38100789503385, "specific": 0.38100789503385, "multi": 0.38100789503385, "disciplinary": 0.38100789503385, "dead": 0.38100789503385, "interrupted": 0.32721400609800433, "midoriya": 0.2890466344923157, "good": 0.2890466344923157}, "todoroki": {"quick": 0.4700610497420119, "steady": 0.4036938898157267, "mismatched": 0.4036938898157267, "common": 0.4036938898157267, "awed": 0.4036938898157267, "open": 0.3566056404730995},