{"the_proctor": {"standard": 0.31622776601683794, "sorry": 0.31622776601683794, "significant": 0.31622776601683794, "respective": 0.31622776601683794, "recommendee": 0.31622776601683794, "prolonged": 0.31622776601683794, "final": 0.31622776601683794, "elemental": 0.31622776601683794, "complete": 0.31622776601683794, "Your": 0.31622776601683794}}