{"($_Bakugou_Katsuki)": {"bakugou_katsuki": 0.9303790051644453, "uraraka_ochako": 0.27364088387189567, "sore": 0.153837085773531, "small": 0.0820922651615687, "good": 0.0820922651615687, "quiet": 0.0769185428867655, "sudden": 0.054728176774379134, "little": 0.054728176774379134, "big": 0.054728176774379134, "tiny": 0.03845927144338275, "wide": 0.027364088387189567, "light": 0.027364088387189567, "green": 0.027364088387189567, "gim": 0.027364088387189567, "fucking": 0.027364088387189567, "frosty": 0.027364088387189567, "flat": 0.027364088387189567, "concentrated": 0.027364088387189567}, "($_Uraraka_Ochako)": {"bakugou_katsuki": 0.8365680325944544, "uraraka_ochako": 0.45630983596061153, "fucking": 0.11407745899015288, "softer": 0.10688792548819995, "cool": 0.10688792548819995, "brown": 0.10688792548819995, "light": 0.07605163932676859, "green": 0.07605163932676859, "good": 0.07605163932676859, "warm": 0.053443962744099974, "soft": 0.053443962744099974, "murky": 0.053443962744099974, "dark": 0.053443962744099974, "brownish": 0.053443962744099974, "wide": 0.038025819663384294, "sudden": 0.038025819663384294, "small": 0.038025819663384294, "little": 0.038025819663384294, "gim": 0.038025819663384294, "frosty": 0.038025819663384294, "flat": 0.038025819663384294, "concentrated": 0.038025819663384294, "big": 0.038025819663384294}}