{"($_Shouto)": {"safe": 0.5958629049432503, "gentle": 0.5087536373595063, "shouto": 0.33916909157300423, "relaxed": 0.23834516197730013, "little": 0.23834516197730013, "far": 0.23834516197730013, "new": 0.16958454578650212, "bad": 0.16958454578650212, "tight": 0.08479227289325106, "nameless": 0.08479227289325106, "mrs._todoroki": 0.08479227289325106, "happy": 0.08479227289325106, "good": 0.08479227289325106, "comforting": 0.08479227289325106}, "($_Mrs._Todoroki)": {"mrs._todoroki": 0.961735659431928, "happy": 0.11776355013452179, "traumatic": 0.09654899375392655, "red": 0.09654899375392655, "vibrant": 0.0551708535736723, "sweet": 0.0551708535736723, "normal": 0.0551708535736723, "dull": 0.0551708535736723, "difficult": 0.0551708535736723, "best": 0.0551708535736723, "strong": 0.04137814018025423, "soft": 0.04137814018025423, "simple": 0.04137814018025423, "raw": 0.04137814018025423, "powerful": 0.04137814018025423, "green": 0.04137814018025423, "fading": 0.04137814018025423, "endless": 0.04137814018025423, "gentle": 0.039254516711507266, "yellow": 0.02758542678683615, "white": 0.02758542678683615, "small": 0.02758542678683615, "peaceful": 0.02758542678683615, "open": 0.02758542678683615, "loving": 0.02758542678683615, "disgusting": 0.02758542678683615, "dear": 0.02758542678683615, "constant": 0.02758542678683615, "new": 0.019627258355753633, "nameless": 0.019627258355753633, "sad": 0.013792713393418076, "physical": 0.013792713393418076, "nervous": 0.013792713393418076, "dead": 0.013792713393418076, "blue": 0.013792713393418076, "tight": 0.009813629177876817, "shouto": 0.009813629177876817, "good": 0.009813629177876817, "comforting": 0.009813629177876817, "bad": 0.009813629177876817}}